tags,texts
invalid,kaya no where 's mom annabelle
invalid,kulturang pagtanong oo kayo na lang po doc
wheres,force from five hundred seventeen
wheres,from five hundred seventeen
wheres,where 's room five hundred seventeen
invalid,seven two
wheres,where 's room five hundred one
wheres,where is room five hundred seventeen
wheres,where 's room five hundred seventeen
wheres,where 's five hundred seventeen
wheres,where 's room five hundred seventeen
wheres,five hundred zero one
wheres,puwerta na five hundred one
wheres,were can file five hundred one
invalid,buraran palaban
wheres,dry where one five five hundred seventeen
wheres,can you tell me where is five hundred seventeen in five hundred six
invalid,anila pre-
invalid,trabaho lang talaga .
wheres,were from five hundred one
invalid,tumatagal
invalid,may kumon dapat may tumanda pa po 'yun
invalid,tapos dapat na
invalid,for
invalid,picture lang siya ng picture tapos later
invalid,tapos masabi naman kung magkano ba kasi ano
wheres,where his mom biyolin
invalid,vinarao sinong munich
invalid,kita mo na may stuffing delimitation kita
invalid,what were sir norie natalana pa ng late
wheres,where 's sir no leaf
wheres,five hundred seventeen
invalid,for some five hundred seventeen
invalid,inabot ako ng notebuk
wheres,five hundred seventy
wheres,where 's room five hundred seventeen
wheres,were strong five hundred seventeen
invalid,were is room paya bonehead fifteen
invalid,where from five hundred seventeen
wheres,where 's room five hundred seventeen
invalid,amin nga akong din bago 
wheres, where is five hundred one
invalid,mas mababang first five hundred seventeen
invalid, where his mom biyolin
invalid,para ko pa parang
wheres,what is sir justin
invalid,in europe para
wheres,from five hundred five
invalid,west wais five hundred five
wheres,where is five hundred five room
invalid,na  drum darna na nasa petsa
invalid,where service nga van
invalid,purser just 
invalid,when is our justin 
wheres,where the justin aban
invalid,change is really
invalid,changes rin
invalid,change sprint
invalid,james is rin
invalid,change screen
invalid,change dyes rin
invalid,change da screen
invalid,changes rin
invalid,change - sprain
invalid,change rin
invalid,jins diced rin
invalid,change s twin
invalid,change is when
invalid,change sprain
invalid,change is rin
invalid,change sprain
invalid,replies the skin
invalid,swap dust when
invalid,swak dyes rin
invalid,chains when
invalid,palit is when
invalid,replace desperate
invalid,change sliced fried
invalid,switch desperate
invalid,altan screen
invalid,palit spring
invalid,change is when
invalid,change ko rin
invalid,switch 's when
invalid,switch scream
invalid,suites scren tapos split 
invalid,change is free
invalid,change is when
invalid,al-tar scream
invalid,polyp iskrin
invalid,switch scream
invalid,switch scream
invalid,change scream
invalid,change spring
invalid,james spring
invalid,swak da screen
invalid,swak da scream
invalid,change the screen
invalid,change the screen
invalid,replaces scren
invalid,hello hello wala wala wala wala wala wala wala uminom ilog pilawi na wilow kay hiwat sa yeah what sa he handa balik sa dati
wheres,where is from five hundred one
invalid,you can change the screen
invalid,change da spring
invalid,change da this prince
invalid,swab da squid
invalid,change the iskrin
invalid,change the screen
invalid,change da squid
invalid,change turil
invalid,change iskrin
invalid,change this when
invalid,change spray
invalid,palit is prince
invalid,change to screen
invalid,change is when
invalid,church 's print
invalid,change spring
invalid,change spray
invalid,change is always
invalid,change is phrase
invalid,also claims rin
invalid,change spirit
invalid,change desperate
invalid,change
invalid,which is
invalid,change of spring
invalid,change the spirit
invalid,tama
invalid,church desperate
invalid,change the spirit
invalid,wise
invalid,stringent
invalid,ways strains desperate
invalid,church spring
invalid,change scream
invalid,blitz is desperate
invalid,chess desperate
invalid,change desperate
invalid,change kay spring
invalid,chess when
invalid,change spray
invalid,changes print
invalid,changes
invalid,change - spring
invalid,spring
invalid,change spring
invalid,changes
invalid,change history
invalid,change is when
invalid,dos
invalid,dos
invalid,please story of
invalid,start of
invalid,na tao
invalid,ba
invalid,or sometimes
invalid,where is
wheres,five hundred one
invalid,five hundred one
invalid,suarez two five one nine one
invalid,pandamdam or pa palaman
invalid,suporta
invalid,pumatay ka
invalid,anong grade five one one
invalid,can you tell me what is man
invalid,one
invalid,boys one five one one
invalid,or song five hundred one
invalid,church iskrin
invalid,politesse free
invalid,ilaw
invalid,ardente pa
invalid,si goma
invalid,nanood ako mga atomatik
invalid,bukid daw
invalid,hindi man nila tunay basta basta libre ang picture sa amin .
invalid,were is suggested a man
wheres,where 's five hundred seven
invalid,were is five ay will
invalid,what is five hundred seven
wheres,where is five hundred six
wheres,can you tell me were is room five hundred six
wheres,where 's room five hundred six
invalid,at makita na rin na siya ang problema ko rin ng reunion ng visa and number two ang five hundred one anak n'yo
invalid,the tummy ito my father ni
invalid,that anak
wheres,where 's room five hundred six
invalid,nung lumabas
wheres,were from five hundred one
invalid,province philip bombit sixty
wheres,where is room five hundred six
invalid,lugar ng pamumuhay mo ko ng din ng trip na ng
invalid,ang image nakat-unan ako
wheres,where is from five hundred six 
invalid,penge iskrin
invalid,kaya niyo ba am moving specific 
invalid,meron pa bang mounted naliligo . 
invalid,through
invalid,masunod nun ng kuwento niya liability na credibility and begun examples mamara
invalid,napapaa-ano sa nanay ko 
invalid,sa physics
invalid,camping
invalid,ano daw sabi na no
invalid, that time
invalid,hindi si rhian nang sabihin namin isulat naton 
invalid,ay kung paano 
invalid, para ma-explain ko na na namin sa monday na pero nire-represent na parang explain this naman
invalid,binti is like 
invalid,sa nahada kong panghimok ng narating sis ano puwede ko naman tayo  maintain what
invalid,so the da  
invalid,kahit sa no
invalid,nandito pa
invalid,kaya naman lang kalibre ho
invalid,at siyempre provide tours kuwento si jers
invalid,.
invalid,tok
invalid,salads
invalid,mom na print namin ang pre- 
invalid,sir 
invalid,salita o kaya tagpo ang pool
invalid,ngayong sa dilig ka daw sabi ni stewed 
invalid,tama na salad
invalid,bisala
invalid, salamat
invalid,'to 
invalid,dried is when 
invalid,courage and when manggam 
invalid,daungan ma- ng . 
invalid,patanong magsaysay
invalid,salad
invalid,comer the requirement of pensiyonada 
invalid,for ni din sa may sipon 
invalid,tripoli na laban laban dito
invalid,charges with the development of  
invalid,kaya changes squill
invalid,plaza
invalid,pumunta magkaroon ng problema
invalid,problema paraan mura na siyang problema dapat na the tarheta reasoning
invalid,kamaoo
invalid,dapat silent line when we continue continue kung ano lang ang silent understanding ng nananatili silang siya ng kondisyon analee siling
invalid,uh
invalid,ano naman grounds
invalid, analysis
invalid,tama
invalid,tapos 'yun ng toll listening na taknab
invalid,alam ng okay 
invalid,ateneo
invalid,arisa adlaw sa oras 
invalid,i was in baby and medyo know what can be so pending o the working ayuhon jean babies
invalid,listening to smoke 
invalid, oo some ni pa mang lyn gumagawa buto't 
invalid,puwede noong
invalid,so when agio of trade ayoko okay yeah ni jun will give you win  
invalid,tanggap taong may were either just then
invalid,were sir just 
invalid,versus justin aban
invalid,were suggest 
invalid,kailan mo ba kung mamahalin mo
invalid,alam mo ba kung anong nangyari ngayon
invalid,where is bonded six
wheres,were is five hundred six
wheres, where 's five hundred six
wheres, were is five hundred
invalid,five
invalid,work 
wheres, where is five one five
wheres,where is five hundred and five
wheres, where is five hundred five
invalid,ah do'n
invalid,fail what
invalid,alam mo ba kung bakit 
invalid,hindi ko alam kung bakit ganito
invalid,lalakad muna kami
invalid,dadalhin kita sa langit
wheres,where his room five hundred six o seven hundred seven
invalid,where is my bandits seven
wheres,where from five hundred one
invalid,for some five hundred one
wheres,where s mom uli
invalid,yes
invalid,what
invalid,now us
invalid,ah
invalid,or what
wheres,five hundred one
wheres,where 's room five hundred one
wheres, were course five hundred six
wheres,or tessie from five hundred six
invalid,right now
wheres,kailangan kang ito ka ba
wheres,where is high
wheres,or
wheres,where 's room five hundred seven
wheres,where is from five hundred seven
wheres,where is mom justin aban
wheres,where is room five hundred seven
wheres,where 's room five hundred five
wheres,whether from five hundred five
wheres,where 's room five hundred five
wheres, were from five hundred seven
wheres, where is a b 
wheres,where is avs are from
wheres,where 's from five hundred one
wheres,where 's from a where s mom
wheres,where s mom annabelle
invalid,hello
invalid,gusto kong usura
invalid,ah
invalid,pero hindi mo lider dennis ano
wheres,palpably marami na technician sir
invalid,siyempre mga pre-
invalid,cake pong ha
wheres,were s mom lilac
invalid,hello
wheres,zero nine zero
wheres,where is five hundred six
wheres,murang five hundred wins kami iper ballistics madali ni mamara
wheres,where is my hundred four
wheres,the regular mikrokompyuter
wheres,where 's five hundred four
invalid,breaded
wheres,where is by bandang eight
wheres,where is my been reynate
invalid,five hundred nine
wheres,where is my bond reply
invalid,mo dulot katagal
wheres,where is my bali line
wheres,may
wheres,where is five hundred line
invalid,mayroon pang driver roxanna
invalid,ano hindi tapos ang awtomatik now
wheres,gusto kong usura
wheres,where is five hundred tan located
wheres,where 's five hundred ten located
invalid,sector gas
invalid,hi hi ng gurang
invalid,pea-cock
wheres,where is the burang
wheres,work is dar burang
wheres,where is the
wheres,where is the gurami
wheres, where is the burang
wheres,huling araw raw where is ma'am uli
wheres,where 's son is suggested 
wheres,force of five hundred one
invalid,word
wheres,where is ma'am biyolin
wheres,oarsmen biyolin
invalid,mayroong
invalid,patay niya  na lang
wheres,he then na where is memorial here
invalid,purser guested
wheres,were  justin located
wheres,nasaan si mom annabelle
wheres,from the source anitra
wheres,ha  si sarsalida gap nasa'n si sarsalida
wheres,nasaan si sarsalida ka
wheres,nasa si sir joel pa ng limousine
invalid,niya sa 
invalid,far east bank
invalid,well
wheres,where is mom annabelle
wheres,justin
wheres,where is suggested
wheres,one can fund
wheres,were rez laila
wheres,where is sir no
wheres,where is normally
wheres,for his mom annabelle
wheres,where is ma'am
wheres,where is job
wheres,where is mom munti kalbo
wheres,where his mom tickle mo
wheres,where s mom byoleta
wheres,where is mom biyolin
wheres,where is the joel salida
wheres,where 's mom laila
wheres,where ni sir noli marayag
wheres,where 's five hundred lalaban
wheres,were is five hundred eleven
wheres,where 's five hundred twelve
wheres,where is five hundred one
wheres,where is the room five zero one
wheres,where is five zero two
wheres,where is wrong five hundred five
wheres,where is the room five zero six
wheres,first the rum five hundred seven
wheres,where 's five hundred eight
wheres,the first the room five zero .
wheres,first the room five hundred
wheres,first the wrong five hundred ten
wheres,where is the room five hundred twelve
wheres,work room five hundred thirteen
wheres,where is the room five hundred fifteen
wheres,first the room five hundred sixteen
wheres,with the room five hundred sixteen
wheres,western five hundred seventeen
wheres,western five hundred seventeen
wheres,is five hundred seventeen
wheres,where is every are
invalid,e di are
wheres,where is the room tv are
wheres,where 's the audio visual room
wheres,where is the main office
wheres,where is the radyo natin station
wheres,where is the room five hundred sixteen
wheres,five hundred one
wheres,where 's five hundred one
wheres,where 's ab are
wheres,where is aba room
wheres,where is audio visual room
wheres,where is with showbiz wardrobe
wheres,wears audio o visual room
wheres,were were ers room five hundred huwag
wheres,juarez five hundred one
wheres,where is five hundred one
